device_instance,object_type,object_type_code,object_instance,object_name,is_point,source_key,group,source,units,units_code,scale,cov_increment,max_age_seconds,read_only,time_context,description,gateway_version
75151,analog-input,0,1,IQData-Voltage-AB,true,VAB,live,decoded_readings.json,volts,5,1,0.1,5,true,current_meter_sample,Phase A-B RMS voltage; decoded physical meter reply; display comparison pending,1.1.0
75151,analog-input,0,2,IQData-Voltage-BC,true,VBC,live,decoded_readings.json,volts,5,1,0.1,5,true,current_meter_sample,Phase B-C RMS voltage; decoded physical meter reply; display comparison pending,1.1.0
75151,analog-input,0,3,IQData-Voltage-CA,true,VCA,live,decoded_readings.json,volts,5,1,0.1,5,true,current_meter_sample,Phase C-A RMS voltage; decoded physical meter reply; display comparison pending,1.1.0
75151,analog-input,0,4,IQData-Current-A,true,IA,live,decoded_readings.json,amperes,3,1,0.1,5,true,current_meter_sample,Phase A RMS current; decoded physical meter reply; display comparison pending,1.1.0
75151,analog-input,0,5,IQData-Current-B,true,IB,live,decoded_readings.json,amperes,3,1,0.1,5,true,current_meter_sample,Phase B RMS current; decoded physical meter reply; display comparison pending,1.1.0
75151,analog-input,0,6,IQData-Current-C,true,IC,live,decoded_readings.json,amperes,3,1,0.1,5,true,current_meter_sample,Phase C RMS current; decoded physical meter reply; display comparison pending,1.1.0
75151,analog-input,0,7,IQData-Voltage-AN,true,VAN,live,decoded_readings.json,volts,5,1,0.1,5,true,current_meter_sample,Phase A-neutral RMS voltage; decoded physical meter reply; display comparison pending,1.1.0
75151,analog-input,0,8,IQData-Voltage-BN,true,VBN,live,decoded_readings.json,volts,5,1,0.1,5,true,current_meter_sample,Phase B-neutral RMS voltage; decoded physical meter reply; display comparison pending,1.1.0
75151,analog-input,0,9,IQData-Voltage-CN,true,VCN,live,decoded_readings.json,volts,5,1,0.1,5,true,current_meter_sample,Phase C-neutral RMS voltage; decoded physical meter reply; display comparison pending,1.1.0
75151,analog-input,0,10,IQData-Real-Power,true,P_W,live,decoded_readings.json,kilowatts,48,0.001,0.1,5,true,current_meter_sample,Meter real power; decoded physical meter reply; display comparison pending,1.1.0
75151,analog-input,0,11,IQData-Reactive-Power,true,Q_var,live,decoded_readings.json,kilovolt-amperes-reactive,12,0.001,0.1,5,true,current_meter_sample,Meter reactive power; positive W with negative var means inductive/lagging; decoded physical meter reply; display comparison pending,1.1.0
75151,analog-input,0,12,IQData-Power-Factor,true,PF,live,decoded_readings.json,power-factor,15,1,0.01,5,true,current_meter_sample,"Meter PF: negative=lagging, positive=leading; calculation mode unverified; decoded physical meter reply; display comparison pending",1.1.0
75151,analog-input,0,13,IQData-Frequency,true,FREQUENCY_Hz,live,decoded_readings.json,hertz,27,1,0.1,5,true,current_meter_sample,Meter frequency; decoded physical meter reply; display comparison pending,1.1.0
75151,analog-input,0,14,IQData-Demand,true,DEMAND_W,live,decoded_readings.json,kilowatts,48,0.001,0.1,5,true,current_meter_sample,Meter demand; decoded physical meter reply; display comparison pending,1.1.0
75151,analog-input,0,15,IQData-Energy,true,ENERGY_kWh,live,decoded_readings.json,kilowatt-hours,19,1,0.1,5,true,current_meter_sample,Meter unsigned 24-bit energy counter; decoded physical meter reply; display comparison pending,1.1.0
75151,analog-input,0,16,IQData-Energy-Coarse,true,ENERGY_Wh,live,decoded_readings.json,kilowatt-hours,19,0.001,0.1,5,true,current_meter_sample,Meter scaled energy buffer; lower precision than Energy; decoded physical meter reply; display comparison pending,1.1.0
75151,analog-input,0,17,IQData-Apparent-Power-PQ-Estimate,true,S_PQ_estimate_VA,live,decoded_readings.json,kilovolt-amperes,9,0.001,0.1,5,true,estimate_from_current_meter_sample,Estimate sqrt(P^2+Q^2); excludes separate distortion power; decoded physical meter reply; display comparison pending,1.1.0
75151,analog-input,0,18,IQData-Power-Factor-PQ-Estimate,true,PF_PQ_magnitude,live,decoded_readings.json,power-factor,15,1,0.01,5,true,estimate_from_current_meter_sample,Estimate abs(P)/sqrt(P^2+Q^2); not a THD measurement; decoded physical meter reply; display comparison pending,1.1.0
75151,analog-input,0,20,IQData-Sample-Age,true,age_seconds,live_health,decoded_readings.json,seconds,73,1,1,,true,age_of_current_meter_sample,Seconds since the last meter sample; fault if timestamp unavailable,1.1.0
75151,analog-input,0,100,IQData-Trip-Current-A,true,TRIP_IA,trip,meter_diagnostics.json,amperes,3,1,0.01,180.0,true,trip_buffer_read_time_not_event_time,Trip-buffer Current-A; event time and retention unknown; not a live measurement,1.1.0
75151,analog-input,0,101,IQData-Trip-Current-B,true,TRIP_IB,trip,meter_diagnostics.json,amperes,3,1,0.01,180.0,true,trip_buffer_read_time_not_event_time,Trip-buffer Current-B; event time and retention unknown; not a live measurement,1.1.0
75151,analog-input,0,102,IQData-Trip-Current-C,true,TRIP_IC,trip,meter_diagnostics.json,amperes,3,1,0.01,180.0,true,trip_buffer_read_time_not_event_time,Trip-buffer Current-C; event time and retention unknown; not a live measurement,1.1.0
75151,analog-input,0,103,IQData-Trip-Voltage-AB,true,TRIP_VAB,trip,meter_diagnostics.json,volts,5,1,0.01,180.0,true,trip_buffer_read_time_not_event_time,Trip-buffer Voltage-AB; event time and retention unknown; not a live measurement,1.1.0
75151,analog-input,0,104,IQData-Trip-Voltage-BC,true,TRIP_VBC,trip,meter_diagnostics.json,volts,5,1,0.01,180.0,true,trip_buffer_read_time_not_event_time,Trip-buffer Voltage-BC; event time and retention unknown; not a live measurement,1.1.0
75151,analog-input,0,105,IQData-Trip-Voltage-CA,true,TRIP_VCA,trip,meter_diagnostics.json,volts,5,1,0.01,180.0,true,trip_buffer_read_time_not_event_time,Trip-buffer Voltage-CA; event time and retention unknown; not a live measurement,1.1.0
75151,analog-input,0,106,IQData-Trip-Voltage-AN,true,TRIP_VAN,trip,meter_diagnostics.json,volts,5,1,0.01,180.0,true,trip_buffer_read_time_not_event_time,Trip-buffer Voltage-AN; event time and retention unknown; not a live measurement,1.1.0
75151,analog-input,0,107,IQData-Trip-Voltage-BN,true,TRIP_VBN,trip,meter_diagnostics.json,volts,5,1,0.01,180.0,true,trip_buffer_read_time_not_event_time,Trip-buffer Voltage-BN; event time and retention unknown; not a live measurement,1.1.0
75151,analog-input,0,108,IQData-Trip-Voltage-CN,true,TRIP_VCN,trip,meter_diagnostics.json,volts,5,1,0.01,180.0,true,trip_buffer_read_time_not_event_time,Trip-buffer Voltage-CN; event time and retention unknown; not a live measurement,1.1.0
75151,analog-input,0,109,IQData-Trip-Real-Power,true,TRIP_P_W,trip,meter_diagnostics.json,watts,47,1,0.01,180.0,true,trip_buffer_read_time_not_event_time,Trip-buffer Real-Power; event time and retention unknown; not a live measurement,1.1.0
75151,analog-input,0,110,IQData-Trip-Demand,true,TRIP_DEMAND_W,trip,meter_diagnostics.json,watts,47,1,0.01,180.0,true,trip_buffer_read_time_not_event_time,Trip-buffer Demand; event time and retention unknown; not a live measurement,1.1.0
75151,analog-input,0,111,IQData-Trip-Energy,true,TRIP_ENERGY_Wh,trip,meter_diagnostics.json,watt-hours,18,1,0.01,180.0,true,trip_buffer_read_time_not_event_time,Trip-buffer Energy; event time and retention unknown; not a live measurement,1.1.0
75151,analog-input,0,112,IQData-Trip-Frequency,true,TRIP_FREQUENCY_Hz,trip,meter_diagnostics.json,hertz,27,1,0.01,180.0,true,trip_buffer_read_time_not_event_time,Trip-buffer Frequency; event time and retention unknown; not a live measurement,1.1.0
75151,analog-input,0,113,IQData-Trip-Reactive-Power,true,TRIP_Q_var,trip,meter_diagnostics.json,volt-amperes-reactive,11,1,0.01,180.0,true,trip_buffer_read_time_not_event_time,Trip-buffer Reactive-Power; event time and retention unknown; not a live measurement,1.1.0
75151,analog-input,0,114,IQData-Trip-Power-Factor,true,TRIP_PF,trip,meter_diagnostics.json,power-factor,15,1,0.01,180.0,true,trip_buffer_read_time_not_event_time,Trip-buffer Power-Factor; event time and retention unknown; not a live measurement,1.1.0
75151,analog-input,0,200,IQData-Firmware-Revision,true,FIRMWARE_REVISION,settings,meter_diagnostics.json,no-units,95,1,0.01,3600.0,true,configuration_read_time,Raw firmware byte from setpoints buffer; not communication protocol version,1.1.0
75151,analog-input,0,201,IQData-Firmware-Version,true,FIRMWARE_VERSION,settings,meter_diagnostics.json,no-units,95,1,0.01,3600.0,true,configuration_read_time,Raw firmware byte from setpoints buffer; not communication protocol version,1.1.0
75151,analog-input,0,202,IQData-SW1-Raw,true,SW1_RAW,settings,meter_diagnostics.json,no-units,95,1,0.01,3600.0,true,configuration_read_time,Raw SW1 byte; each bit value 1 means OFF and 0 means ON,1.1.0
75151,analog-input,0,203,IQData-SW2-Raw,true,SW2_RAW,settings,meter_diagnostics.json,no-units,95,1,0.01,3600.0,true,configuration_read_time,Raw SW2 byte; each bit value 1 means OFF and 0 means ON,1.1.0
75151,analog-input,0,204,IQData-SW3-Raw,true,SW3_RAW,settings,meter_diagnostics.json,no-units,95,1,0.01,3600.0,true,configuration_read_time,Raw SW3 byte; each bit value 1 means OFF and 0 means ON,1.1.0
75151,analog-input,0,205,IQData-SW4-Raw,true,SW4_RAW,settings,meter_diagnostics.json,no-units,95,1,0.01,3600.0,true,configuration_read_time,Raw SW4 byte; each bit value 1 means OFF and 0 means ON,1.1.0
75151,analog-input,0,206,IQData-SW5-Raw,true,SW5_RAW,settings,meter_diagnostics.json,no-units,95,1,0.01,3600.0,true,configuration_read_time,Raw SW5 byte; each bit value 1 means OFF and 0 means ON,1.1.0
75151,analog-input,0,207,IQData-SW6-Raw,true,SW6_RAW,settings,meter_diagnostics.json,no-units,95,1,0.01,3600.0,true,configuration_read_time,Raw SW6 byte; each bit value 1 means OFF and 0 means ON,1.1.0
75151,analog-input,0,210,IQData-Config-CT-Primary,true,CONFIG_CT_PRIMARY_A,settings,meter_diagnostics.json,amperes,3,1,0.01,3600.0,true,configuration_read_time,Configured CT primary rating; not a current measurement,1.1.0
75151,analog-input,0,211,IQData-Config-CT-Secondary,true,CONFIG_CT_SECONDARY_A,settings,meter_diagnostics.json,amperes,3,1,0.01,3600.0,true,configuration_read_time,"Configured CT secondary rating, 5 A",1.1.0
75151,analog-input,0,212,IQData-Config-Line-Frequency,true,CONFIG_FREQUENCY_Hz,settings,meter_diagnostics.json,hertz,27,1,0.01,3600.0,true,configuration_read_time,Configured nominal line frequency,1.1.0
75151,analog-input,0,213,IQData-Config-Wiring-Wires,true,CONFIG_WIRING_WIRES,settings,meter_diagnostics.json,no-units,95,1,0.01,3600.0,true,configuration_read_time,Configured AC wiring: 3 or 4 wires,1.1.0
75151,analog-input,0,214,IQData-Config-PT-Ratio,true,CONFIG_PT_RATIO,settings,meter_diagnostics.json,no-units,95,1,0.01,3600.0,true,configuration_read_time,Configured PT primary-to-secondary voltage ratio,1.1.0
75151,analog-input,0,215,IQData-Config-Demand-Window,true,CONFIG_DEMAND_MINUTES,settings,meter_diagnostics.json,minutes,72,1,0.01,3600.0,true,configuration_read_time,Configured internal demand window; bypassed when external sync is enabled,1.1.0
75151,analog-input,0,216,IQData-Config-Nominal-Voltage-LL,true,CONFIG_NOMINAL_LL_V,settings,meter_diagnostics.json,volts,5,1,0.01,3600.0,true,configuration_read_time,Configured nominal line-to-line voltage; international PT selection overrides SW4,1.1.0
75151,analog-input,0,217,IQData-Config-Nominal-Voltage-LN,true,CONFIG_NOMINAL_LN_V,settings,meter_diagnostics.json,volts,5,1,0.01,3600.0,true,configuration_read_time,Configured nominal line-to-neutral voltage; international PT selection overrides SW4,1.1.0
75151,analog-input,0,218,IQData-Config-Pulse-Energy,true,CONFIG_PULSE_Wh,settings,meter_diagnostics.json,watt-hours,18,1,0.01,3600.0,true,configuration_read_time,Configured energy per output pulse; not an energy measurement,1.1.0
75151,analog-input,0,219,IQData-Config-Overvoltage-Threshold,true,CONFIG_OVERVOLTAGE_PERCENT,settings,meter_diagnostics.json,percent,98,1,0.01,3600.0,true,configuration_read_time,Configured percent of nominal voltage for overvoltage detection,1.1.0
75151,analog-input,0,220,IQData-Config-Undervoltage-Threshold,true,CONFIG_UNDERVOLTAGE_PERCENT,settings,meter_diagnostics.json,percent,98,1,0.01,3600.0,true,configuration_read_time,Configured percent of nominal voltage for undervoltage detection,1.1.0
75151,analog-input,0,221,IQData-Config-Unbalance-Threshold,true,CONFIG_UNBALANCE_PERCENT,settings,meter_diagnostics.json,percent,98,1,0.01,3600.0,true,configuration_read_time,Configured phase unbalance detection percent,1.1.0
75151,analog-input,0,222,IQData-Config-Protection-Delay,true,CONFIG_PROTECTION_DELAY_S,settings,meter_diagnostics.json,seconds,73,1,0.01,3600.0,true,configuration_read_time,Configured protective delay; used only when delayed action is enabled,1.1.0
75151,analog-input,0,300,IQData-Voltage-Imbalance,true,VLL_IMBALANCE_pct,derived,live_diagnostics.py in-memory accumulator,percent,98,1,0.01,5.0,true,gateway_session_reset_on_restart,RMS line-voltage maximum absolute deviation from phase mean / mean; not sequence-component unbalance,1.1.0
75151,analog-input,0,301,IQData-Current-Imbalance,true,CURRENT_IMBALANCE_pct,derived,live_diagnostics.py in-memory accumulator,percent,98,1,0.01,5.0,true,gateway_session_reset_on_restart,RMS phase-current maximum absolute deviation from phase mean / mean,1.1.0
75151,analog-input,0,302,IQData-Highest-Current-Phase,true,HIGHEST_CURRENT_PHASE,derived,live_diagnostics.py in-memory accumulator,no-units,95,1,0.01,5.0,true,gateway_session_reset_on_restart,"Largest RMS current: A=1, B=2, C=3; ties choose lowest index; invalid with zero current",1.1.0
75151,analog-input,0,303,IQData-Highest-Phase-Current,true,HIGHEST_CURRENT_A,derived,live_diagnostics.py in-memory accumulator,amperes,3,1,0.01,5.0,true,gateway_session_reset_on_restart,Largest of the three RMS phase currents,1.1.0
75151,analog-input,0,304,IQData-Session-Voltage-Minimum,true,SESSION_VLL_MIN_V,derived,live_diagnostics.py in-memory accumulator,volts,5,1,0.01,5.0,true,gateway_session_reset_on_restart,Minimum sampled RMS line voltage across phases since gateway restart,1.1.0
75151,analog-input,0,305,IQData-Session-Voltage-Maximum,true,SESSION_VLL_MAX_V,derived,live_diagnostics.py in-memory accumulator,volts,5,1,0.01,5.0,true,gateway_session_reset_on_restart,Maximum sampled RMS line voltage across phases since gateway restart,1.1.0
75151,analog-input,0,306,IQData-Session-Current-Minimum,true,SESSION_CURRENT_MIN_A,derived,live_diagnostics.py in-memory accumulator,amperes,3,1,0.01,5.0,true,gateway_session_reset_on_restart,Minimum sampled phase RMS current since gateway restart,1.1.0
75151,analog-input,0,307,IQData-Session-Current-Maximum,true,SESSION_CURRENT_MAX_A,derived,live_diagnostics.py in-memory accumulator,amperes,3,1,0.01,5.0,true,gateway_session_reset_on_restart,Maximum sampled phase RMS current since gateway restart,1.1.0
75151,analog-input,0,308,IQData-Session-Frequency-Minimum,true,SESSION_FREQUENCY_MIN_Hz,derived,live_diagnostics.py in-memory accumulator,hertz,27,1,0.01,5.0,true,gateway_session_reset_on_restart,Minimum sampled meter frequency since gateway restart,1.1.0
75151,analog-input,0,309,IQData-Session-Frequency-Maximum,true,SESSION_FREQUENCY_MAX_Hz,derived,live_diagnostics.py in-memory accumulator,hertz,27,1,0.01,5.0,true,gateway_session_reset_on_restart,Maximum sampled meter frequency since gateway restart,1.1.0
75151,analog-input,0,310,IQData-Session-PF-Magnitude-Minimum,true,SESSION_PF_MIN,derived,live_diagnostics.py in-memory accumulator,power-factor,15,1,0.01,5.0,true,gateway_session_reset_on_restart,Minimum absolute meter PF since gateway restart; not a distortion measurement,1.1.0
75151,analog-input,0,311,IQData-Session-PF-Magnitude-Maximum,true,SESSION_PF_MAX,derived,live_diagnostics.py in-memory accumulator,power-factor,15,1,0.01,5.0,true,gateway_session_reset_on_restart,Maximum absolute meter PF since gateway restart,1.1.0
75151,analog-input,0,312,IQData-Session-Average-Power,true,SESSION_AVERAGE_POWER_kW,derived,live_diagnostics.py in-memory accumulator,kilowatts,48,1,0.01,5.0,true,gateway_session_reset_on_restart,Time-weighted net power over valid observed intervals only; trapezoidal interpolation,1.1.0
75151,analog-input,0,313,IQData-Session-Peak-Power,true,SESSION_PEAK_POWER_kW,derived,live_diagnostics.py in-memory accumulator,kilowatts,48,1,0.01,5.0,true,gateway_session_reset_on_restart,Maximum sampled signed real power since gateway restart,1.1.0
75151,analog-input,0,314,IQData-Load-Change,true,LOAD_CHANGE_kW,derived,live_diagnostics.py in-memory accumulator,kilowatts,48,1,0.01,5.0,true,gateway_session_reset_on_restart,Change from previous fresh real-power sample; invalid across gaps beyond configured maximum,1.1.0
75151,analog-input,0,315,IQData-Low-PF-Continuous-Duration,true,LOW_PF_CONTINUOUS_s,derived,live_diagnostics.py in-memory accumulator,seconds,73,1,0.01,5.0,true,gateway_session_reset_on_restart,Consecutive observed seconds with both endpoint PF magnitudes below configured threshold,1.1.0
75151,analog-input,0,316,IQData-Session-Low-PF-Duration,true,LOW_PF_TOTAL_s,derived,live_diagnostics.py in-memory accumulator,seconds,73,1,0.01,5.0,true,gateway_session_reset_on_restart,Accumulated observed intervals with both endpoint PF magnitudes below configured threshold,1.1.0
75151,analog-input,0,317,IQData-Frequency-Excursion-Duration,true,FREQUENCY_EXCURSION_CONTINUOUS_s,derived,live_diagnostics.py in-memory accumulator,seconds,73,1,0.01,5.0,true,gateway_session_reset_on_restart,Consecutive observed seconds outside configured nominal frequency tolerance,1.1.0
75151,analog-input,0,318,IQData-Session-Frequency-Excursion-Duration,true,FREQUENCY_EXCURSION_TOTAL_s,derived,live_diagnostics.py in-memory accumulator,seconds,73,1,0.01,5.0,true,gateway_session_reset_on_restart,Accumulated observed intervals with both endpoints outside configured frequency tolerance,1.1.0
75151,analog-input,0,319,IQData-Voltage-Excursion-Duration,true,VOLTAGE_EXCURSION_CONTINUOUS_s,derived,live_diagnostics.py in-memory accumulator,seconds,73,1,0.01,5.0,true,gateway_session_reset_on_restart,Consecutive observed seconds with any line voltage outside configured nominal tolerance; invalid without nominal voltage,1.1.0
75151,analog-input,0,320,IQData-Session-Voltage-Excursion-Duration,true,VOLTAGE_EXCURSION_TOTAL_s,derived,live_diagnostics.py in-memory accumulator,seconds,73,1,0.01,5.0,true,gateway_session_reset_on_restart,Accumulated observed intervals outside configured nominal voltage tolerance; invalid without nominal voltage,1.1.0
75151,analog-input,0,321,IQData-Rolling-15-Minute-Demand,true,ROLLING_15MIN_DEMAND_kW,derived,live_diagnostics.py in-memory accumulator,kilowatts,48,1,0.01,5.0,true,gateway_session_reset_on_restart,Time-weighted net power across a complete continuous 15-minute window; invalid during warmup or gaps,1.1.0
75151,analog-input,0,322,IQData-Rolling-15-Minute-Load-Factor,true,ROLLING_15MIN_LOAD_FACTOR_pct,derived,live_diagnostics.py in-memory accumulator,percent,98,1,0.01,5.0,true,gateway_session_reset_on_restart,100 times 15-minute average / sampled peak; valid only for complete nonnegative-power window with positive peak,1.1.0
75151,analog-input,0,323,IQData-Session-Power-Coverage,true,SESSION_POWER_COVERAGE_h,derived,live_diagnostics.py in-memory accumulator,hours,71,1,0.01,5.0,true,gateway_session_reset_on_restart,Sum of valid observed power intervals since gateway restart; excludes gaps,1.1.0
75151,analog-input,0,324,IQData-Rolling-Power-Coverage,true,ROLLING_POWER_COVERAGE_s,derived,live_diagnostics.py in-memory accumulator,seconds,73,1,0.01,5.0,true,gateway_session_reset_on_restart,Valid observed power seconds in the trailing 15 minutes; full value requires 900 seconds,1.1.0
75151,analog-input,0,325,IQData-Observed-Session-Energy,true,OBSERVED_ENERGY_kWh,derived,live_diagnostics.py in-memory accumulator,kilowatt-hours,19,1,0.01,5.0,true,gateway_session_reset_on_restart,Sum of nondecreasing counter increments across valid adjacent observations only; 1 kWh resolution; excludes gaps and resets,1.1.0
75151,analog-input,0,326,IQData-Rolling-Hour-Energy,true,ROLLING_HOUR_ENERGY_kWh,derived,live_diagnostics.py in-memory accumulator,kilowatt-hours,19,1,0.01,5.0,true,gateway_session_reset_on_restart,Counter change over a fully observed trailing hour; boundary interpolated; 1 kWh counter resolution,1.1.0
75151,analog-input,0,327,IQData-Rolling-Day-Energy,true,ROLLING_DAY_ENERGY_kWh,derived,live_diagnostics.py in-memory accumulator,kilowatt-hours,19,1,0.01,5.0,true,gateway_session_reset_on_restart,Counter change over a fully observed trailing 24 hours; boundary interpolated; 1 kWh counter resolution,1.1.0
75151,analog-input,0,328,IQData-Continuous-Energy-Coverage,true,CONTINUOUS_ENERGY_COVERAGE_h,derived,live_diagnostics.py in-memory accumulator,hours,71,1,0.01,5.0,true,gateway_session_reset_on_restart,"Duration of current uninterrupted valid nondecreasing energy-counter sequence, retained up to 24 hours",1.1.0
75151,analog-input,0,329,IQData-Diagnostics-Sample-Count,true,ACCEPTED_SAMPLES,derived,live_diagnostics.py in-memory accumulator,no-units,95,1,0.01,5.0,true,gateway_session_reset_on_restart,Distinct fresh meter observations accepted since gateway restart,1.1.0
75151,analog-input,0,330,IQData-Diagnostics-Session-Age,true,DIAGNOSTICS_AGE_s,derived,live_diagnostics.py in-memory accumulator,seconds,73,1,0.01,5.0,true,gateway_session_reset_on_restart,Elapsed meter observation time since first accepted sample after gateway restart,1.1.0
75151,analog-input,0,331,IQData-Diagnostics-Sample-Gaps,true,SAMPLE_GAP_COUNT,derived,live_diagnostics.py in-memory accumulator,no-units,95,1,0.01,5.0,true,gateway_session_reset_on_restart,Observed intervals exceeding configured maximum gap; cumulative since gateway restart,1.1.0
75151,analog-input,0,332,IQData-Energy-Counter-Decreases,true,ENERGY_COUNTER_RESET_COUNT,derived,live_diagnostics.py in-memory accumulator,no-units,95,1,0.01,5.0,true,gateway_session_reset_on_restart,Observed energy counter decreases; reset and wrap are not distinguished,1.1.0
75151,analog-input,0,333,IQData-Diagnostics-Out-of-Order-Count,true,OUT_OF_ORDER_COUNT,derived,live_diagnostics.py in-memory accumulator,no-units,95,1,0.01,5.0,true,gateway_session_reset_on_restart,Rejected distinct observations older than last accepted timestamp,1.1.0
75151,analog-input,0,334,IQData-Diagnostics-Excluded-Gap-Time,true,EXCLUDED_GAP_TIME_s,derived,live_diagnostics.py in-memory accumulator,seconds,73,1,0.01,5.0,true,gateway_session_reset_on_restart,Total duration of excluded intervals exceeding maximum gap; not interpolated,1.1.0
75151,analog-input,0,335,IQData-Diagnostics-Nominal-Voltage,true,NOMINAL_VOLTAGE_V,derived,live_diagnostics.py in-memory accumulator,volts,5,1,0.01,5.0,true,gateway_session_reset_on_restart,Configured nominal line voltage for excursion checks; invalid when not configured,1.1.0
75151,analog-input,0,336,IQData-Diagnostics-Nominal-Frequency,true,NOMINAL_FREQUENCY_Hz,derived,live_diagnostics.py in-memory accumulator,hertz,27,1,0.01,5.0,true,gateway_session_reset_on_restart,Configured nominal frequency for excursion checks,1.1.0
75151,analog-input,0,337,IQData-Diagnostics-Low-PF-Threshold,true,LOW_PF_THRESHOLD,derived,live_diagnostics.py in-memory accumulator,power-factor,15,1,0.01,5.0,true,gateway_session_reset_on_restart,PF magnitude threshold for live diagnostic duration; not a meter alarm setting,1.1.0
75151,analog-input,0,338,IQData-Diagnostics-Voltage-Tolerance,true,VOLTAGE_TOLERANCE_pct,derived,live_diagnostics.py in-memory accumulator,percent,98,1,0.01,5.0,true,gateway_session_reset_on_restart,Allowed percentage deviation from configured nominal line voltage,1.1.0
75151,analog-input,0,339,IQData-Diagnostics-Frequency-Tolerance,true,FREQUENCY_TOLERANCE_Hz,derived,live_diagnostics.py in-memory accumulator,hertz,27,1,0.01,5.0,true,gateway_session_reset_on_restart,Allowed absolute deviation from configured nominal frequency,1.1.0
75151,analog-input,0,340,IQData-Session-Energy-Coverage,true,SESSION_ENERGY_COVERAGE_h,derived,live_diagnostics.py in-memory accumulator,hours,71,1,0.01,5.0,true,gateway_session_reset_on_restart,Sum of observed valid energy-counter intervals; excludes gaps and decreases,1.1.0
75151,analog-input,0,341,IQData-Diagnostics-Sample-Interval,true,LATEST_SAMPLE_INTERVAL_s,derived,live_diagnostics.py in-memory accumulator,seconds,73,1,0.01,5.0,true,gateway_session_reset_on_restart,Time between latest two accepted snapshots; exposes skipped or delayed samples,1.1.0
75151,analog-input,0,400,IQData-Measurement-Poll-Count,true,POLL_ATTEMPTS,health,poll_health.json,no-units,95,1,0.01,10,true,persistent_poll_health_state,Recorder communication diagnostic: attempts; counters since poll_health state was created,1.1.0
75151,analog-input,0,401,IQData-Measurement-Poll-Failures,true,POLL_FAILURES,health,poll_health.json,no-units,95,1,0.01,10,true,persistent_poll_health_state,Recorder communication diagnostic: failures; counters since poll_health state was created,1.1.0
75151,analog-input,0,402,IQData-Measurement-Poll-Failure-Rate,true,POLL_FAILURE_PERCENT,health,poll_health.json,percent,98,1,0.01,10,true,persistent_poll_health_state,Recorder communication diagnostic: failure_percent; counters since poll_health state was created,1.1.0
75151,analog-input,0,403,IQData-Malformed-Meter-Writes,true,POLL_MALFORMED,health,poll_health.json,no-units,95,1,0.01,10,true,persistent_poll_health_state,Recorder communication diagnostic: malformed_writes; counters since poll_health state was created,1.1.0
75151,analog-input,0,404,IQData-Measurement-Poll-Duration,true,POLL_DURATION,health,poll_health.json,seconds,73,1,0.01,10,true,persistent_poll_health_state,Recorder communication diagnostic: last_duration_seconds; counters since poll_health state was created,1.1.0
75151,analog-input,0,405,IQData-Diagnostic-Poll-Count,true,DIAG_ATTEMPTS,health,poll_health.json,no-units,95,1,0.01,10,true,persistent_poll_health_state,Recorder communication diagnostic: attempts; counters since poll_health state was created,1.1.0
75151,analog-input,0,406,IQData-Diagnostic-Poll-Failures,true,DIAG_FAILURES,health,poll_health.json,no-units,95,1,0.01,10,true,persistent_poll_health_state,Recorder communication diagnostic: failures; counters since poll_health state was created,1.1.0
75151,analog-input,0,407,IQData-Consecutive-Poll-Failures,true,POLL_CONSECUTIVE_FAILURES,health,poll_health.json,no-units,95,1,0.01,10,true,persistent_poll_health_state,Recorder communication diagnostic: consecutive_failures; counters since poll_health state was created,1.1.0
75151,analog-input,0,408,IQData-Last-Poll-Stop-Code,true,POLL_LAST_STOP,health,poll_health.json,no-units,95,1,0.01,10,true,persistent_poll_health_state,Recorder communication diagnostic: last_stop_code; counters since poll_health state was created,1.1.0
75151,binary-input,3,1,IQData-Telemetry-Healthy,true,all_18_live_readings_good,live_health,bacnet_server.refresh,no-units,95,1,,5,true,current_live_group_quality,Active when all standard electrical readings are valid and no more than 5 seconds old; diagnostics carry individual quality,1.1.0
75151,binary-input,3,2,IQData-Display-Verified,true,display_verified,live_health,decoded_readings.json,no-units,95,1,,,true,recorded_display_comparison,Active only after contemporaneous physical display comparison is recorded,1.1.0
75151,binary-input,3,10,IQData-Flags-Trip,true,FLAGS_TRIP,flags,meter_diagnostics.json,no-units,95,1,,30.0,true,diagnostic_buffer_read_time,Current diagnostic buffer: Trip flag,1.1.0
75151,binary-input,3,11,IQData-Flags-Alarm,true,FLAGS_ALARM,flags,meter_diagnostics.json,no-units,95,1,,30.0,true,diagnostic_buffer_read_time,Current diagnostic buffer: Alarm flag,1.1.0
75151,binary-input,3,12,IQData-Flags-External,true,FLAGS_EXTERNAL,flags,meter_diagnostics.json,no-units,95,1,,30.0,true,diagnostic_buffer_read_time,Current diagnostic buffer: External cause,1.1.0
75151,binary-input,3,13,IQData-Flags-Overvoltage,true,FLAGS_OVERVOLTAGE,flags,meter_diagnostics.json,no-units,95,1,,30.0,true,diagnostic_buffer_read_time,Current diagnostic buffer: Overvoltage cause,1.1.0
75151,binary-input,3,14,IQData-Flags-Undervoltage,true,FLAGS_UNDERVOLTAGE,flags,meter_diagnostics.json,no-units,95,1,,30.0,true,diagnostic_buffer_read_time,Current diagnostic buffer: Undervoltage cause,1.1.0
75151,binary-input,3,15,IQData-Flags-Phase-Unbalance,true,FLAGS_PHASE_UNBALANCE,flags,meter_diagnostics.json,no-units,95,1,,30.0,true,diagnostic_buffer_read_time,Current diagnostic buffer: Phase unbalance cause,1.1.0
75151,binary-input,3,16,IQData-Flags-Phase-Loss,true,FLAGS_PHASE_LOSS,flags,meter_diagnostics.json,no-units,95,1,,30.0,true,diagnostic_buffer_read_time,Current diagnostic buffer: Phase loss cause,1.1.0
75151,binary-input,3,17,IQData-Flags-Phase-Reversal,true,FLAGS_PHASE_REVERSAL,flags,meter_diagnostics.json,no-units,95,1,,30.0,true,diagnostic_buffer_read_time,Current diagnostic buffer: Phase reversal cause,1.1.0
75151,binary-input,3,18,IQData-Flags-RAM-ROM-Failure,true,FLAGS_RAM_ROM_FAILURE,flags,meter_diagnostics.json,no-units,95,1,,30.0,true,diagnostic_buffer_read_time,Current diagnostic buffer: RAM or ROM failure cause,1.1.0
75151,binary-input,3,30,IQData-Trip-Trip,true,TRIP_TRIP,trip,meter_diagnostics.json,no-units,95,1,,180.0,true,trip_buffer_read_time_not_event_time,Trip buffer; event time and retention are unknown: Trip flag,1.1.0
75151,binary-input,3,31,IQData-Trip-Alarm,true,TRIP_ALARM,trip,meter_diagnostics.json,no-units,95,1,,180.0,true,trip_buffer_read_time_not_event_time,Trip buffer; event time and retention are unknown: Alarm flag,1.1.0
75151,binary-input,3,32,IQData-Trip-External,true,TRIP_EXTERNAL,trip,meter_diagnostics.json,no-units,95,1,,180.0,true,trip_buffer_read_time_not_event_time,Trip buffer; event time and retention are unknown: External cause,1.1.0
75151,binary-input,3,33,IQData-Trip-Overvoltage,true,TRIP_OVERVOLTAGE,trip,meter_diagnostics.json,no-units,95,1,,180.0,true,trip_buffer_read_time_not_event_time,Trip buffer; event time and retention are unknown: Overvoltage cause,1.1.0
75151,binary-input,3,34,IQData-Trip-Undervoltage,true,TRIP_UNDERVOLTAGE,trip,meter_diagnostics.json,no-units,95,1,,180.0,true,trip_buffer_read_time_not_event_time,Trip buffer; event time and retention are unknown: Undervoltage cause,1.1.0
75151,binary-input,3,35,IQData-Trip-Phase-Unbalance,true,TRIP_PHASE_UNBALANCE,trip,meter_diagnostics.json,no-units,95,1,,180.0,true,trip_buffer_read_time_not_event_time,Trip buffer; event time and retention are unknown: Phase unbalance cause,1.1.0
75151,binary-input,3,36,IQData-Trip-Phase-Loss,true,TRIP_PHASE_LOSS,trip,meter_diagnostics.json,no-units,95,1,,180.0,true,trip_buffer_read_time_not_event_time,Trip buffer; event time and retention are unknown: Phase loss cause,1.1.0
75151,binary-input,3,37,IQData-Trip-Phase-Reversal,true,TRIP_PHASE_REVERSAL,trip,meter_diagnostics.json,no-units,95,1,,180.0,true,trip_buffer_read_time_not_event_time,Trip buffer; event time and retention are unknown: Phase reversal cause,1.1.0
75151,binary-input,3,38,IQData-Trip-RAM-ROM-Failure,true,TRIP_RAM_ROM_FAILURE,trip,meter_diagnostics.json,no-units,95,1,,180.0,true,trip_buffer_read_time_not_event_time,Trip buffer; event time and retention are unknown: RAM or ROM failure cause,1.1.0
75151,binary-input,3,39,IQData-Trip-Data-Valid,true,TRIP_DATA_VALID,trip,meter_diagnostics.json,no-units,95,1,,180.0,true,trip_buffer_read_time_not_event_time,"Trip flag is set and all trip measurements have valid scale flags; event time unknown, never live data",1.1.0
75151,binary-input,3,100,IQData-SW1-1-ON,true,SW1_1_ON,settings,meter_diagnostics.json,no-units,95,1,,3600.0,true,configuration_read_time,"SW1 switch1 is ON; reports configuration, does not change it",1.1.0
75151,binary-input,3,101,IQData-SW1-2-ON,true,SW1_2_ON,settings,meter_diagnostics.json,no-units,95,1,,3600.0,true,configuration_read_time,"SW1 switch2 is ON; reports configuration, does not change it",1.1.0
75151,binary-input,3,102,IQData-SW1-3-ON,true,SW1_3_ON,settings,meter_diagnostics.json,no-units,95,1,,3600.0,true,configuration_read_time,"SW1 switch3 is ON; reports configuration, does not change it",1.1.0
75151,binary-input,3,103,IQData-SW1-4-ON,true,SW1_4_ON,settings,meter_diagnostics.json,no-units,95,1,,3600.0,true,configuration_read_time,"SW1 switch4 is ON; reports configuration, does not change it",1.1.0
75151,binary-input,3,104,IQData-SW1-5-ON,true,SW1_5_ON,settings,meter_diagnostics.json,no-units,95,1,,3600.0,true,configuration_read_time,"SW1 switch5 is ON; reports configuration, does not change it",1.1.0
75151,binary-input,3,105,IQData-SW1-6-ON,true,SW1_6_ON,settings,meter_diagnostics.json,no-units,95,1,,3600.0,true,configuration_read_time,"SW1 switch6 is ON; reports configuration, does not change it",1.1.0
75151,binary-input,3,106,IQData-SW1-7-ON,true,SW1_7_ON,settings,meter_diagnostics.json,no-units,95,1,,3600.0,true,configuration_read_time,"SW1 switch7 is ON; reports configuration, does not change it",1.1.0
75151,binary-input,3,107,IQData-SW1-8-ON,true,SW1_8_ON,settings,meter_diagnostics.json,no-units,95,1,,3600.0,true,configuration_read_time,"SW1 switch8 is ON; reports configuration, does not change it",1.1.0
75151,binary-input,3,108,IQData-SW2-1-ON,true,SW2_1_ON,settings,meter_diagnostics.json,no-units,95,1,,3600.0,true,configuration_read_time,"SW2 switch1 is ON; reports configuration, does not change it",1.1.0
75151,binary-input,3,109,IQData-SW2-2-ON,true,SW2_2_ON,settings,meter_diagnostics.json,no-units,95,1,,3600.0,true,configuration_read_time,"SW2 switch2 is ON; reports configuration, does not change it",1.1.0
75151,binary-input,3,110,IQData-SW2-3-ON,true,SW2_3_ON,settings,meter_diagnostics.json,no-units,95,1,,3600.0,true,configuration_read_time,"SW2 switch3 is ON; reports configuration, does not change it",1.1.0
75151,binary-input,3,111,IQData-SW2-4-ON,true,SW2_4_ON,settings,meter_diagnostics.json,no-units,95,1,,3600.0,true,configuration_read_time,"SW2 switch4 is ON; reports configuration, does not change it",1.1.0
75151,binary-input,3,112,IQData-SW2-5-ON,true,SW2_5_ON,settings,meter_diagnostics.json,no-units,95,1,,3600.0,true,configuration_read_time,"SW2 switch5 is ON; reports configuration, does not change it",1.1.0
75151,binary-input,3,113,IQData-SW2-6-ON,true,SW2_6_ON,settings,meter_diagnostics.json,no-units,95,1,,3600.0,true,configuration_read_time,"SW2 switch6 is ON; reports configuration, does not change it",1.1.0
75151,binary-input,3,114,IQData-SW2-7-ON,true,SW2_7_ON,settings,meter_diagnostics.json,no-units,95,1,,3600.0,true,configuration_read_time,"SW2 switch7 is ON; reports configuration, does not change it",1.1.0
75151,binary-input,3,115,IQData-SW2-8-ON,true,SW2_8_ON,settings,meter_diagnostics.json,no-units,95,1,,3600.0,true,configuration_read_time,"SW2 switch8 is ON; reports configuration, does not change it",1.1.0
75151,binary-input,3,116,IQData-SW3-1-ON,true,SW3_1_ON,settings,meter_diagnostics.json,no-units,95,1,,3600.0,true,configuration_read_time,"SW3 switch1 is ON; reports configuration, does not change it",1.1.0
75151,binary-input,3,117,IQData-SW3-2-ON,true,SW3_2_ON,settings,meter_diagnostics.json,no-units,95,1,,3600.0,true,configuration_read_time,"SW3 switch2 is ON; reports configuration, does not change it",1.1.0
75151,binary-input,3,118,IQData-SW3-3-ON,true,SW3_3_ON,settings,meter_diagnostics.json,no-units,95,1,,3600.0,true,configuration_read_time,"SW3 switch3 is ON; reports configuration, does not change it",1.1.0
75151,binary-input,3,119,IQData-SW3-4-ON,true,SW3_4_ON,settings,meter_diagnostics.json,no-units,95,1,,3600.0,true,configuration_read_time,"SW3 switch4 is ON; reports configuration, does not change it",1.1.0
75151,binary-input,3,120,IQData-SW3-5-ON,true,SW3_5_ON,settings,meter_diagnostics.json,no-units,95,1,,3600.0,true,configuration_read_time,"SW3 switch5 is ON; reports configuration, does not change it",1.1.0
75151,binary-input,3,121,IQData-SW3-6-ON,true,SW3_6_ON,settings,meter_diagnostics.json,no-units,95,1,,3600.0,true,configuration_read_time,"SW3 switch6 is ON; reports configuration, does not change it",1.1.0
75151,binary-input,3,122,IQData-SW3-7-ON,true,SW3_7_ON,settings,meter_diagnostics.json,no-units,95,1,,3600.0,true,configuration_read_time,"SW3 switch7 is ON; reports configuration, does not change it",1.1.0
75151,binary-input,3,123,IQData-SW3-8-ON,true,SW3_8_ON,settings,meter_diagnostics.json,no-units,95,1,,3600.0,true,configuration_read_time,"SW3 switch8 is ON; reports configuration, does not change it",1.1.0
75151,binary-input,3,124,IQData-SW4-1-ON,true,SW4_1_ON,settings,meter_diagnostics.json,no-units,95,1,,3600.0,true,configuration_read_time,"SW4 switch1 is ON; reports configuration, does not change it",1.1.0
75151,binary-input,3,125,IQData-SW4-2-ON,true,SW4_2_ON,settings,meter_diagnostics.json,no-units,95,1,,3600.0,true,configuration_read_time,"SW4 switch2 is ON; reports configuration, does not change it",1.1.0
75151,binary-input,3,126,IQData-SW4-3-ON,true,SW4_3_ON,settings,meter_diagnostics.json,no-units,95,1,,3600.0,true,configuration_read_time,"SW4 switch3 is ON; reports configuration, does not change it",1.1.0
75151,binary-input,3,127,IQData-SW4-4-ON,true,SW4_4_ON,settings,meter_diagnostics.json,no-units,95,1,,3600.0,true,configuration_read_time,"SW4 switch4 is ON; reports configuration, does not change it",1.1.0
75151,binary-input,3,128,IQData-SW4-5-ON,true,SW4_5_ON,settings,meter_diagnostics.json,no-units,95,1,,3600.0,true,configuration_read_time,"SW4 switch5 is ON; reports configuration, does not change it",1.1.0
75151,binary-input,3,129,IQData-SW4-6-ON,true,SW4_6_ON,settings,meter_diagnostics.json,no-units,95,1,,3600.0,true,configuration_read_time,"SW4 switch6 is ON; reports configuration, does not change it",1.1.0
75151,binary-input,3,130,IQData-SW4-7-ON,true,SW4_7_ON,settings,meter_diagnostics.json,no-units,95,1,,3600.0,true,configuration_read_time,"SW4 switch7 is ON; reports configuration, does not change it",1.1.0
75151,binary-input,3,131,IQData-SW4-8-ON,true,SW4_8_ON,settings,meter_diagnostics.json,no-units,95,1,,3600.0,true,configuration_read_time,"SW4 switch8 is ON; reports configuration, does not change it",1.1.0
75151,binary-input,3,132,IQData-SW5-1-ON,true,SW5_1_ON,settings,meter_diagnostics.json,no-units,95,1,,3600.0,true,configuration_read_time,"SW5 switch1 is ON; reports configuration, does not change it",1.1.0
75151,binary-input,3,133,IQData-SW5-2-ON,true,SW5_2_ON,settings,meter_diagnostics.json,no-units,95,1,,3600.0,true,configuration_read_time,"SW5 switch2 is ON; reports configuration, does not change it",1.1.0
75151,binary-input,3,134,IQData-SW5-3-ON,true,SW5_3_ON,settings,meter_diagnostics.json,no-units,95,1,,3600.0,true,configuration_read_time,"SW5 switch3 is ON; reports configuration, does not change it",1.1.0
75151,binary-input,3,135,IQData-SW5-4-ON,true,SW5_4_ON,settings,meter_diagnostics.json,no-units,95,1,,3600.0,true,configuration_read_time,"SW5 switch4 is ON; reports configuration, does not change it",1.1.0
75151,binary-input,3,136,IQData-SW5-5-ON,true,SW5_5_ON,settings,meter_diagnostics.json,no-units,95,1,,3600.0,true,configuration_read_time,"SW5 switch5 is ON; reports configuration, does not change it",1.1.0
75151,binary-input,3,137,IQData-SW5-6-ON,true,SW5_6_ON,settings,meter_diagnostics.json,no-units,95,1,,3600.0,true,configuration_read_time,"SW5 switch6 is ON; reports configuration, does not change it",1.1.0
75151,binary-input,3,138,IQData-SW5-7-ON,true,SW5_7_ON,settings,meter_diagnostics.json,no-units,95,1,,3600.0,true,configuration_read_time,"SW5 switch7 is ON; reports configuration, does not change it",1.1.0
75151,binary-input,3,139,IQData-SW5-8-ON,true,SW5_8_ON,settings,meter_diagnostics.json,no-units,95,1,,3600.0,true,configuration_read_time,"SW5 switch8 is ON; reports configuration, does not change it",1.1.0
75151,binary-input,3,140,IQData-SW6-1-ON,true,SW6_1_ON,settings,meter_diagnostics.json,no-units,95,1,,3600.0,true,configuration_read_time,"SW6 switch1 is ON; reports configuration, does not change it",1.1.0
75151,binary-input,3,141,IQData-SW6-2-ON,true,SW6_2_ON,settings,meter_diagnostics.json,no-units,95,1,,3600.0,true,configuration_read_time,"SW6 switch2 is ON; reports configuration, does not change it",1.1.0
75151,binary-input,3,142,IQData-SW6-3-ON,true,SW6_3_ON,settings,meter_diagnostics.json,no-units,95,1,,3600.0,true,configuration_read_time,"SW6 switch3 is ON; reports configuration, does not change it",1.1.0
75151,binary-input,3,143,IQData-SW6-4-ON,true,SW6_4_ON,settings,meter_diagnostics.json,no-units,95,1,,3600.0,true,configuration_read_time,"SW6 switch4 is ON; reports configuration, does not change it",1.1.0
75151,binary-input,3,144,IQData-SW6-5-ON,true,SW6_5_ON,settings,meter_diagnostics.json,no-units,95,1,,3600.0,true,configuration_read_time,"SW6 switch5 is ON; reports configuration, does not change it",1.1.0
75151,binary-input,3,145,IQData-SW6-6-ON,true,SW6_6_ON,settings,meter_diagnostics.json,no-units,95,1,,3600.0,true,configuration_read_time,"SW6 switch6 is ON; reports configuration, does not change it",1.1.0
75151,binary-input,3,146,IQData-SW6-7-ON,true,SW6_7_ON,settings,meter_diagnostics.json,no-units,95,1,,3600.0,true,configuration_read_time,"SW6 switch7 is ON; reports configuration, does not change it",1.1.0
75151,binary-input,3,147,IQData-SW6-8-ON,true,SW6_8_ON,settings,meter_diagnostics.json,no-units,95,1,,3600.0,true,configuration_read_time,"SW6 switch8 is ON; reports configuration, does not change it",1.1.0
75151,binary-input,3,150,IQData-Config-Delay-Enabled,true,CONFIG_DELAY_ENABLED,settings,meter_diagnostics.json,no-units,95,1,,3600.0,true,configuration_read_time,Configured delayed protection action,1.1.0
75151,binary-input,3,151,IQData-Config-Four-Wire,true,CONFIG_FOUR_WIRE,settings,meter_diagnostics.json,no-units,95,1,,3600.0,true,configuration_read_time,Configured four-wire AC system; false means three-wire,1.1.0
75151,binary-input,3,152,IQData-Config-Demand-Sync-Enabled,true,CONFIG_DEMAND_SYNC_ENABLED,settings,meter_diagnostics.json,no-units,95,1,,3600.0,true,configuration_read_time,External demand synchronization enabled; overrides internal demand window,1.1.0
75151,binary-input,3,153,IQData-Config-Protection-Enabled,true,CONFIG_PROTECTION_ENABLED,settings,meter_diagnostics.json,no-units,95,1,,3600.0,true,configuration_read_time,Internal protection functions enabled; external trip remains possible independently,1.1.0
75151,binary-input,3,154,IQData-Config-Test-Mode,true,CONFIG_TEST_MODE,settings,meter_diagnostics.json,no-units,95,1,,3600.0,true,configuration_read_time,"Factory test switch is ON; readout only, never activates the test",1.1.0
75151,binary-input,3,155,IQData-Config-Alternate-PF,true,CONFIG_ALTERNATE_PF,settings,meter_diagnostics.json,no-units,95,1,,3600.0,true,configuration_read_time,Alternate power-factor calculation enabled by SW5 switch4 OFF,1.1.0
75151,binary-input,3,156,IQData-Config-Auto-Reset-Enabled,true,CONFIG_AUTO_RESET_ENABLED,settings,meter_diagnostics.json,no-units,95,1,,3600.0,true,configuration_read_time,Automatic reset attempts enabled; readout only,1.1.0
75151,binary-input,3,157,IQData-Config-Energy-Reset-Enabled,true,CONFIG_ENERGY_RESET_ENABLED,settings,meter_diagnostics.json,no-units,95,1,,3600.0,true,configuration_read_time,Front-panel energy reset enable switch; reading does not reset energy,1.1.0
75151,binary-input,3,158,IQData-Config-Overvoltage-Trip-Enabled,true,CONFIG_OVERVOLTAGE_TRIP_ENABLED,settings,meter_diagnostics.json,no-units,95,1,,3600.0,true,configuration_read_time,Configured overvoltage trip response; not relay state,1.1.0
75151,binary-input,3,159,IQData-Config-Overvoltage-Alarm-Enabled,true,CONFIG_OVERVOLTAGE_ALARM_ENABLED,settings,meter_diagnostics.json,no-units,95,1,,3600.0,true,configuration_read_time,Configured overvoltage alarm response; not relay state,1.1.0
75151,binary-input,3,160,IQData-Config-Undervoltage-Trip-Enabled,true,CONFIG_UNDERVOLTAGE_TRIP_ENABLED,settings,meter_diagnostics.json,no-units,95,1,,3600.0,true,configuration_read_time,Configured undervoltage trip response; not relay state,1.1.0
75151,binary-input,3,161,IQData-Config-Undervoltage-Alarm-Enabled,true,CONFIG_UNDERVOLTAGE_ALARM_ENABLED,settings,meter_diagnostics.json,no-units,95,1,,3600.0,true,configuration_read_time,Configured undervoltage alarm response; not relay state,1.1.0
75151,binary-input,3,162,IQData-Config-Phase-Loss-Reversal-Trip-Enabled,true,CONFIG_PHASE_LOSS_REVERSAL_TRIP_ENABLED,settings,meter_diagnostics.json,no-units,95,1,,3600.0,true,configuration_read_time,Configured phase loss/reversal trip response; not relay state,1.1.0
75151,binary-input,3,163,IQData-Config-Phase-Loss-Reversal-Alarm-Enabled,true,CONFIG_PHASE_LOSS_REVERSAL_ALARM_ENABLED,settings,meter_diagnostics.json,no-units,95,1,,3600.0,true,configuration_read_time,Configured phase loss/reversal alarm response; not relay state,1.1.0
75151,binary-input,3,164,IQData-Config-Phase-Unbalance-Trip-Enabled,true,CONFIG_PHASE_UNBALANCE_TRIP_ENABLED,settings,meter_diagnostics.json,no-units,95,1,,3600.0,true,configuration_read_time,Configured phase unbalance trip response; not relay state,1.1.0
75151,binary-input,3,165,IQData-Config-Phase-Unbalance-Alarm-Enabled,true,CONFIG_PHASE_UNBALANCE_ALARM_ENABLED,settings,meter_diagnostics.json,no-units,95,1,,3600.0,true,configuration_read_time,Configured phase unbalance alarm response; not relay state,1.1.0
75151,binary-input,3,166,IQData-Config-PT-International,true,CONFIG_PT_INTERNATIONAL,settings,meter_diagnostics.json,no-units,95,1,,3600.0,true,configuration_read_time,International 110 V PT secondary selection; overrides nominal voltage selection,1.1.0
75151,binary-input,3,200,IQData-Low-PF-Active,true,LOW_PF_ACTIVE,derived,live_diagnostics.py in-memory accumulator,no-units,95,1,,5.0,true,gateway_session_reset_on_restart,Absolute meter PF is below configured threshold,1.1.0
75151,binary-input,3,201,IQData-Frequency-Excursion-Active,true,FREQUENCY_EXCURSION_ACTIVE,derived,live_diagnostics.py in-memory accumulator,no-units,95,1,,5.0,true,gateway_session_reset_on_restart,Meter frequency is outside configured nominal frequency tolerance,1.1.0
75151,binary-input,3,202,IQData-Voltage-Excursion-Active,true,VOLTAGE_EXCURSION_ACTIVE,derived,live_diagnostics.py in-memory accumulator,no-units,95,1,,5.0,true,gateway_session_reset_on_restart,At least one line voltage is outside configured nominal voltage tolerance,1.1.0
75151,binary-input,3,203,IQData-Rolling-Demand-Ready,true,ROLLING_DEMAND_READY,derived,live_diagnostics.py in-memory accumulator,no-units,95,1,,5.0,true,gateway_session_reset_on_restart,A complete continuous 15-minute real-power window is available,1.1.0
75151,binary-input,3,204,IQData-Rolling-Hour-Energy-Ready,true,ROLLING_HOUR_ENERGY_READY,derived,live_diagnostics.py in-memory accumulator,no-units,95,1,,5.0,true,gateway_session_reset_on_restart,A complete continuous one-hour energy-counter window is available,1.1.0
75151,binary-input,3,205,IQData-Rolling-Day-Energy-Ready,true,ROLLING_DAY_ENERGY_READY,derived,live_diagnostics.py in-memory accumulator,no-units,95,1,,5.0,true,gateway_session_reset_on_restart,A complete continuous 24-hour energy-counter window is available,1.1.0
75151,device,8,75151,IQData-PlusII-Pi5,false,,device,bacnet_server.py,,,,,,true,,IQ Data Plus II via Pico USB; read-only live meter gateway,1.1.0
75151,network-port,56,1,IQData-Ethernet,false,,network,bacnet_server.py,,,,,,true,,BACnet/IP configured local IPv4/prefix:port; network number unknown,1.1.0
